id,file,title,url,publisher,date,type,access,credibility,recency,bias,stream,note
01,sources/01_lovesac-q4-fy25-press-release.md,The Lovesac Company Reports Fourth Quarter And Fiscal 2025 Financial Results,https://www.sec.gov/Archives/edgar/data/1701758/000162828025017238/q4fy25pressrelease.htm,The Lovesac Company (SEC EDGAR 8-K filing),2025-04-10,primary,fetched,5,5,medium,A,
02,sources/02_lovesac-evercouch-14-billion-market.md,Lovesac expands into sofa market with EverCouch launch in 2025,https://www.interiordaily.com/article/9690500/lovesac-expands-into-sofa-market-with-evercouch-launch-in-2025/,Interior Daily,2025 (undated on page beyond year; covers May 2025 EverCouch/Snugg launch),industry,fetched,3,4,low-medium,A,
03,sources/03_flexsteel-10k-fy2025.md,Flexsteel Industries Inc. — Form 10-K FY2025,https://www.sec.gov/Archives/edgar/data/37472/000095017025110965/flxs-20250630.htm,"Flexsteel Industries, Inc. (SEC EDGAR 10-K filing)","2025 (fiscal year ended June 30, 2025)",primary,fetched,5,5,low,A,
04,sources/04_hfa-section-232-tariffs.md,Advocacy Update: New Details on Section 232 Furniture Tariffs,https://myhfa.org/blog/advocacy-update-new-details-on-section-232-furniture-tariffs/,"Home Furnishings Association (HFA), trade association","2025 (covers proclamation effective October 14, 2025)",industry,fetched,4,5,medium,A,STALE on 30% step
05,sources/05_digitalcommerce360-furniture-sales-tough-2025.md,Ecommerce Trends: Why furniture sales are tough in 2025 — even at top Housewares & Home Furnishings retailers,https://www.digitalcommerce360.com/2025/03/13/ecommerce-trends-why-furniture-sales-are-tough-in-2025-even-at-top-housewares-home-furnishings-retailers/,Digital Commerce 360,2025-03-13,industry,fetched,4,4,low-medium,A,
06,sources/06_houzz-high-point-fall-2025-trends.md,8 Furniture Trends at High Point Market Fall 2025,https://www.houzz.com/magazine/8-furniture-trends-at-high-point-market-fall-2025-stsetivw-vs~183670455,Houzz,"2025 (Fall High Point Market, October 2025)",industry,fetched,3,5,low,A,
07,sources/07_houzz-high-point-spring-2026-trends.md,7 Fresh Furniture Trends From the Spring 2026 High Point Market,https://www.houzz.com/magazine/7-fresh-furniture-trends-from-the-spring-2026-high-point-market-stsetivw-vs~185203559,Houzz,"2026 (Spring High Point Market, April 2026)",industry,fetched,3,5,low,A,
08,sources/08_homenewsnow-high-point-product-highlights.md,High Point product highlights,https://homenewsnow.com/blog/2025/10/25/high-point-product-highlights/,Home News Now,2025-10-25,industry,fetched,4,5,low,A,
09,sources/09_luxe-high-point-fall-2025.md,7 Highlights From High Point Market Fall 2025,https://luxesource.com/trends/design-news-high-point-market-fall-2025/,LUXE Interiors + Design,"2025 (Fall High Point Market, October 2025)",industry,fetched,3,5,low-medium,A,
10,sources/10_prnewswire-consumer-edge-big-ticket-stalled.md,"Consumer Edge Reports Big-Ticket Home Purchases Stalled in 2025 as Consumers Shift Spending Toward Repairs, Upkeep and Smaller-Ticket Décor and Kitchen Products",https://www.prnewswire.com/news-releases/consumer-edge-reports-big-ticket-home-purchases-stalled-in-2025-as-consumers-shift-spending-toward-repairs-upkeep-and-smaller-ticket-decor-and-kitchen-products-302689823.html,Consumer Edge (via PR Newswire),2025,industry,fetched,4,5,medium,A,
11,sources/11_homeaccentstoday-2025-orders-flat.md,2025 furniture orders finish flat as industry faces economic uncertainty,https://www.homeaccentstoday.com/furniture-manufacturing/2025-furniture-orders-finish-flat-as-industry-faces-economic-uncertainty/,Home Accents Today (citing Smith Leonard's Furniture Insights Report),2026 (reporting on full-year 2025 results),industry,fetched,4,5,low,A,
12,sources/12_homescom-furniture-demand-dips-nov2025.md,Furniture demand dips as prices rise — but high-end consumers are still buying,https://www.homes.com/news/furniture-demand-dips-as-prices-rise-but-high-end-consumers-are-still-buying/913374719/,Homes.com News,2025-11-06,industry,fetched,4,5,low-medium,A,
13,sources/13_joybird-power-reclining-expansion.md,"Joybird Expands Power Reclining Collection, Redefines Modern Relaxation with Handcrafted, Customizable Reclining Sofas, Sectionals, and Chairs",https://www.prnewswire.com/news-releases/joybird-expands-power-reclining-collection-redefines-modern-relaxation-with-handcrafted-customizable-reclining-sofas-sectionals-and-chairs-302612686.html,Joybird (via PR Newswire),2025-11-12,primary,fetched,4,5,high,A,
14,sources/14_domino-chair-and-a-half.md,The Best Chair-and-a-Half Gives You 50% More Space to Really Veg Out,https://www.domino.com/style-shopping/best-chair-and-a-half/,Domino (consumer design/shopping media),2026 (undated exact day; site content dated 2026),discussion,fetched,2,4,medium,A,
15,sources/15_globenewswire-multifunctional-furniture-market.md,Assessment of the Multifunctional Furniture Industry 2025-2034 | Sofas That Save Space: A USD 4.9 Billion Segment Forecasted to Grow with Urban Living Trends,https://www.globenewswire.com/news-release/2025/06/20/3102573/28124/en/Assessment-of-the-Multifunctional-Furniture-Industry-2025-2034-Sofas-That-Save-Space-A-USD-4-9-Billion-Segment-Forecasted-to-Grow-with-Urban-Living-Trends.html,GlobeNewswire (syndicating a market-research firm's report announcement),2025-06-20,industry,snippet-only,2,4,high,A,
20,sources/20_southern-motion-west-end-sectional.md,West End Power Reclining Sectional (150 fabrics and leathers) by Southern Motion — Sofas and Sectionals,https://www.sofasandsectionals.com/west-end-power-reclining-sectional-150-fabrics-and-leathers-by-southern-motion,Sofas and Sectionals (online dealer),undated (current listing),primary,fetched,4,4,medium,B,
21,sources/21_catnapper-burbank-sectional.md,Catnapper Furniture Burbank 6pc Power Reclining Sectional in Smoke — Discount Furniture Burlington,https://discountfurnitureburlington.com/products/catnapper-furniture-burbank-6pc-power-reclining-sectional-in-smoke,Discount Furniture Burlington (online/local dealer),undated (current listing),primary,fetched,4,4,medium,B,
22,sources/22_catnapper-rockport-sectional.md,Rockport 6 Piece Power Reclining Sectional in Grey Chenille Fabric by Catnapper (Cat 6150-6) — Home Cinema Center,https://www.homecinemacenter.com/Rockport-Power-Reclining-Sectional-Cat-6150-6-p/cat-6150-6.htm,Home Cinema Center (online dealer),undated (current listing),primary,fetched,4,4,medium,B,
23,sources/23_flexsteel-warranty-page.md,Warranties and Furniture Care — Flexsteel,https://www.flexsteel.com/pages/warranty,"Flexsteel Industries, Inc. (vendor)",undated (current warranty page),primary,fetched,5,4,low,B,
24,sources/24_southern-motion-warranty-page.md,Warranty Info — Southern Motion,https://www.southernmotion.com/warranty-info/,"Southern Motion, Inc. (vendor)",undated (current warranty page),primary,fetched,5,4,low,B,
25,sources/25_catnapper-warranty-page.md,Jackson / Catnapper Limited Lifetime Warranty — Catnapper.com,https://www.catnapper.com/Warranty,Catnapper (Jackson Furniture Industries brand) (vendor),undated (current warranty page),primary,fetched,5,4,low,B,
26,sources/26_franklin-warranty-page.md,Warranty Information — Franklin Corporation,https://franklincorp.com/warranty-info/,Franklin Corporation (vendor),undated (current warranty page),primary,fetched,5,4,low,B,
27,sources/27_la-z-boy-warranty-pdf.md,La-Z-Boy - Warranty Information (dealer-hosted manufacturer warranty sheet) — Homemakers Furniture,https://homemakersfurniture.scene7.com/is/content/HomemakersFurniture/NewSiteContent/PDF/ProductWarranty/LZBY_warranty.pdf,"Homemakers Furniture, reproducing La-Z-Boy manufacturer warranty terms","undated (warranty sheet, no revision date shown)",primary,fetched,5,3,low,B,
28,sources/28_flexsteel-bbb-profile.md,Flexsteel Industries Inc | BBB Business Profile — Better Business Bureau,https://www.bbb.org/us/ia/dubuque/profile/furniture-manufacturers/flexsteel-industries-inc-0664-200424,Better Business Bureau,"undated (live BBB profile, rating current as of access)",industry,fetched,4,5,low-medium,B,
29,sources/29_la-z-boy-bbb-profile.md,La-Z-Boy Inc. | BBB Business Profile — Better Business Bureau,https://www.bbb.org/us/mi/monroe/profile/furniture-manufacturers/la-z-boy-inc-0422-4120,Better Business Bureau,"undated (live BBB profile, rating current as of access)",industry,fetched,4,5,low-medium,B,
30,sources/30_flexsteel-quality-reviews.md,Flexsteel Leather Sofa Review (Are They Good Quality?) — bestleathercouches.com,https://bestleathercouches.com/flexsteel-leather-sofa-reviews/,bestleathercouches.com (independent furniture review site),undated,discussion,fetched,2,2,medium,B,
31,sources/31_la-z-boy-consumer-complaint.md,"My La-Z-Boy recliner feels like I'm sitting on a $1,900 rock. I need help! — Consumer Rescue",https://consumerrescue.org/problematic-products/la-z-boy-recliner-problem-solved/,"Consumer Rescue (consumer advocacy blog, Michelle Couch-Friedman)",undated,discussion,fetched,3,2,medium,B,
32,sources/32_cpsc-joy-furniture-recall.md,Joy Furniture Recalls Talan and Royce Living Room Furniture Sets Due to Risk of Serious Injury from a Fire Hazard — CPSC.gov,https://www.cpsc.gov/Recalls/2026/Joy-Furniture-Recalls-Talan-and-Royce-Living-Room-Furniture-Sets-Due-to-Risk-of-Serious-Injury-from-a-Fire-Hazard,U.S. Consumer Product Safety Commission (CPSC),2026 (recall notice),primary,fetched,5,5,low,B,
33,sources/33_cpsc-ashley-party-time-recall.md,"Ashley Furniture Industries Recalls Party Time Power Loveseats, Sofas and Recliners Due to Fire Hazard — CPSC.gov",https://www.cpsc.gov/Recalls/2023/Ashley-Furniture-Industries-Recalls-Party-Time-Power-Loveseats-Sofas-and-Recliners-Due-to-Fire-Hazard,U.S. Consumer Product Safety Commission (CPSC),"June 8, 2023 (Recall #23-215)",primary,fetched,5,3,low,B,
34,sources/34_costco-cheers-petaluma-sectional.md,Petaluma Fabric Power Reclining Sectional with Chaise — Costco.com,https://www.costco.com/p/-/petaluma-fabric-power-reclining-sectional-with-chaise/100722395,Costco Wholesale,undated (current listing),primary,fetched,4,4,low,B,
35,sources/35_sleepcenter-cheers-manwah-3399.md,Cheers Manwah Power Reclining Sectional Sofa Sacramento — Sleep Center,https://sleepcenter.net/products/cheers-manwah-power-reclining-sectional,"Sleep Center (regional dealer, Sacramento)",undated (current listing),primary,fetched,3,4,medium,B,
36,sources/36_sleepcenter-cheers-manwah-1999.md,Cheers Manwah Light Gray Fabric Power Sectional Sacramento — Sleep Center,https://sleepcenter.net/products/cheers-manwah-light-gray-fabric-power-sectional,"Sleep Center (regional dealer, Sacramento)",undated (current listing),primary,fetched,3,4,medium,B,
37,sources/37_homegallerystores-flexsteel-pricelist.md,Flexsteel Reclining Sofas | Home Gallery Stores,https://homegallerystores.com/living-room/sofas/reclining-sofas/manufacturer/flexsteel.htm,Home Gallery Stores (regional dealer),undated (current listing),primary,fetched,4,4,medium,B,
38,sources/38_costco-carlin-sectional-price.md,Gilman Creek Carlin Fabric Power Reclining Sectional (#1861772) — Warehouse Runner (Costco price tracker),https://app.warehouserunner.com/costco/1861772-gilman-creek-carlin-fabric-power-reclining-sectional,Warehouse Runner (third-party Costco price-tracking aggregator),undated (price-tracker snapshot),discussion,snippet-only,2,3,low-medium,B,
39,sources/39_franklin-sectional-pricing-search.md,Franklin Furniture Sectionals (search aggregate) — GreatFurnitureDeal / vafurnituremarket,https://greatfurnituredeal.com/collections/franklin-furniture-sectionals,"GreatFurnitureDeal (online dealer, aggregated with vafurnituremarket.com in search results)",undated,discussion,snippet-only,2,3,medium,B,
40,sources/40_ashley-simplejoy-sofa.md,SimpleJoy Sofa | Ashley,https://www.ashleyfurniture.com/p/simplejoy_sofa/2420338.html,Ashley Furniture (manufacturer/retailer site),"undated (current live listing, accessed 2026-09-26)",primary,fetched,5,5,medium,C,
41,sources/41_ashley-stupendous-sectional.md,Stupendous 3-Piece Sectional | Ashley,https://www.ashleyfurniture.com/p/stupendous_3-piece_sectional/25903S1.html,Ashley Furniture (manufacturer/retailer site),"undated (current live listing, accessed 2026-09-26)",primary,fetched,5,5,medium,C,
42,sources/42_sellsofas-frame-spring-construction.md,Frame and Spring Construction – Sell Sofas,https://sellsofas.com/framespring/,Sell Sofas (furniture retail/industry blog),undated,industry,fetched,3,3,medium,C,
43,sources/43_stated-home-american-upholstery-companies.md,American Upholstery: The Companies to Know | The Stated Home Blog,https://blog.thestatedhome.com/american-upholstery-companies-to-know/,The Stated Home (interior design / furniture industry blog),undated,industry,fetched,3,2,low-medium,C,
44,sources/44_stated-home-sinuous-vs-eight-way.md,Sinuous Springs vs Eight-Way Hand Tied: Our Sofa Suspension Decoder,https://blog.thestatedhome.com/sinuous-springs-eight-way-hand-tied/,The Stated Home (interior design / furniture industry blog),undated,industry,fetched,3,2,low,C,
45,sources/45_insiders-guide-ashley-quality.md,Ashley Furniture Quality: What You Need to Know - The Insider's Guide to Furniture,https://insidersguidetofurniture.com/what-is-ashley-furniture-quality/,Insider's Guide to Furniture (independent furniture-industry commentary site),undated,industry,fetched,3,2,high,C,
46,sources/46_consumeraffairs-ashley-reviews.md,Ashley Furniture Reviews: Written By Customers,https://www.consumeraffairs.com/furniture/ashley.html,ConsumerAffairs,reviews dated through Aug./Sep. 2026 (page itself undated as a whole),discussion,fetched,3,5,high,C,
47,sources/47_carolinachair-hughes-sofa.md,Hughes Sofa Couch Carolina Chair North Carolina American Made USA furniture custom,https://www.carolinachair.com/hughessofa.html,Carolina Chair (North Carolina custom-furniture dealer/manufacturer),"undated (live product/pricing page, accessed 2026-09-26)",primary,fetched,4,5,medium,C,EXCLUDED: misattributed
48,sources/48_regency-corinthian-furniture.md,Corinthian Furniture | Regency Furniture,https://www.regencyfurniture.com/pages/corinthian-furniture,"Regency Furniture (multi-brand furniture retailer, dealer page for Corinthian)",undated,primary,fetched,3,2,medium,C,
49,sources/49_roomstogo-priced-low-living-rooms.md,Low Price Living Room Furniture | Best Value Sofas & More,https://www.roomstogo.com/furniture/priced-low/living-rooms,Rooms To Go,"undated (live current listing, accessed 2026-09-26)",primary,fetched,5,5,low,C,
50,sources/50_livingspaces-sofas-category.md,Sofas | Living Spaces,https://www.livingspaces.com/departments/furniture/living-room/sofas-and-sectionals/sofas/p135268,Living Spaces,"undated (live current listing, accessed 2026-09-26)",primary,fetched,5,5,low,C,
51,sources/51_mybobs-sofas-couches.md,Sofas & Couches | Living Room | Bob's Discount Furniture & Mattress Store,https://www.mybobs.com/furniture/living-room/c/sofas-couches,Bob's Discount Furniture,"undated (live current listing, accessed 2026-09-26)",primary,fetched,5,5,low,C,
52,sources/52_thestreet-ashley-mesquite-closure.md,Furniture retail giant makes big cuts as manufacturing shuts down,https://www.thestreet.com/retail/furniture-retail-giant-ashley-cuts-more-than-250-jobs-as-manufacturing-operations-end,TheStreet,"Mar 18, 2026",industry,fetched,4,5,low-medium,C,
53,sources/53_hmrichards-quality-page.md,Quality | HM Richards,https://www.hmrichards.com/quality,"H.M. Richards, Inc. (manufacturer)","undated (live current page, accessed 2026-09-26)",primary,fetched,5,3,medium,C,
54,sources/54_homedepot-atlas-apartment-sofa.md,Spruce & Spring Atlas 73 in. Square Arm Faux Leather Straight Sofa in Gray | The Home Depot,https://www.homedepot.com/p/Spruce-Spring-Atlas-73-in-Square-Arm-Faux-Leather-Straight-Sofa-in-Gray-SS7000-CU6720-3S/329691250,The Home Depot (retailer; Spruce & Spring is a Home Depot private/exclusive furniture label),"undated (live current listing, accessed 2026-09-26)",primary,fetched,4,5,low-medium,C,
60,sources/60_craftmaster-belair-price.md,"Craftmaster Bel Air 92"" Modern Sofa (Model 736050BD) — Pricing & Specs",https://www.sofasandsectionals.com/bel-air-92-modern-sofa-100-performance-fabrics-by-craftmaster-furniture,Sofas and Sectionals (authorized Craftmaster dealer),undated (live product listing),primary,fetched,4,4,low,D,
61,sources/61_craftmaster-frame-construction-spec.md,Frame & Cushion Construction — Craftmaster Furniture (official spec page),https://www.cmfurniture.com/frame-construction/,"Craftmaster Furniture (manufacturer, Hiddenite, NC)",undated (current manufacturer spec page),primary,fetched,5,4,medium,D,
62,sources/62_craftmaster-warranty-terms.md,Warranty — Craftmaster Furniture (official warranty page),https://www.cmfurniture.com/warranty/,"Craftmaster Furniture (manufacturer, Hiddenite, NC)",undated (current manufacturer page),primary,fetched,5,4,low,D,
63,sources/63_craftmaster-essentials-sleeper-price.md,Craftmaster Essentials Queen Pleated Rolled-Arm Sleeper Sofa (756550-68) — Pricing & Specs,https://www.pieratts.com/product/craftmaster-customizable-craftmaster-essentials-queen-pleated-rolled-arm-sleeper-sofa-756550-68-164535,Pieratt's (authorized Craftmaster dealer),undated (live product listing),primary,fetched,4,4,low,D,
64,sources/64_craftmaster-blend-down-coil-seating.md,"Craftmaster L756550BD ""Harrington"" Sofa — Product Spec (Blend Down Coil seating)",https://www.cmfurniture.com/styles/l756550bd/,Craftmaster Furniture (manufacturer product page),undated (live manufacturer page),primary,fetched,5,4,low,D,
65,sources/65_simon-li-leather-review.md,Simon Li Furniture Review (Are They Good Quality?),https://bestleathercouches.com/simon-li-furniture-review/,Best Leather Couches (independent furniture review blog),undated,industry,fetched,3,3,medium,D,
66,sources/66_craftmaster-pissedconsumer-complaints.md,Craftmaster Furniture Reviews and Complaints — PissedConsumer,https://craftmaster-furniture.pissedconsumer.com/review.html,PissedConsumer (consumer complaint aggregator),"undated (aggregated reviews, various dates)",discussion,fetched,2,3,high,D,
67,sources/67_bassett-leather-buying-guide.md,"Bassett Leather Sofas: Reviews, Prices & Buying Guide",https://theleatheritems.com/bassett-leather-sofas-buying-guide/,The Leather Items (independent furniture buying-guide blog),undated (2026 buying guide),industry,fetched,3,4,medium,D,
68,sources/68_htl_forum_review.md,HTL Sofa Review — HardwareZone Forums (discussion thread),https://forums.hardwarezone.com.sg/threads/htl-sofa-review.5769819/,HardwareZone Forums (Singapore consumer forum),undated thread (multi-year discussion),discussion,fetched,2,2,medium,D,
69,sources/69_american-leather-comfort-sleeper-review.md,American Leather Sleeper Sofa Review: Worth the $5k+?,https://www.meetcofurniture.com/blog/american-leather-sleeper-sofa-review/,Meetco Furniture (industry review blog),undated,industry,fetched,3,3,medium,D,
70,sources/70_luonto_sleeper_review.md,Luonto Sofa Reviews (2026) — Dweva,https://dweva.com/blogs/sofas/luonto-sleeper-sofa-reviews,Dweva (furniture review blog),2026 (per title),industry,fetched,3,5,medium,D,
71,sources/71_mayfairfarms_sleeper_sofa_testing.md,11 Best Sleeper Sofas (September 2026) Tested Reviews and Picks,https://www.mayfairfarms.com/best-sleeper-sofas/,Mayfair Farms (home/furniture review site),September 2026 (per title),industry,fetched,3,5,medium,D,
72,sources/72_omnia_houzz_discussion.md,Is Omnia Leather Sofa Good Quality? — Houzz Forum Discussion,https://www.houzz.com/discussions/2367345/is-omnia-leather-sofa-good-quality,Houzz (home-design consumer forum),"thread originally ~15 years old per fetch summary, with later replies",discussion,fetched,2,1,medium,D,
73,sources/73_natuzzi_editions_vara_price.md,Natuzzi Editions Vara 3-Seat Top-Grain Leather Sofa — Pricing (search snippet),https://www.savvyhomestore.com/product/leather/sofa/vara-leather-sofa-by-natuzzi-editions-B845-239/,Savvy Home Store (authorized Natuzzi Editions dealer),undated (live listing per search index),primary,snippet-only,3,3,low,D,
80,sources/80_ashley-mesquite-layoffs.md,Furniture retail giant makes big cuts as manufacturing shuts down,https://www.thestreet.com/retail/furniture-retail-giant-ashley-cuts-more-than-250-jobs-as-manufacturing-operations-end,TheStreet,2026-03-18,industry,fetched,4,,low,E,
81,sources/81_lazboy-10k-fy2026-tariffs.md,"La-Z-Boy Incorporated Form 10-K, Fiscal Year 2026",https://www.sec.gov/Archives/edgar/data/0000057131/000005713126000019/lzb-20260425.htm,U.S. Securities and Exchange Commission (La-Z-Boy Incorporated SEC filing),"filed 2026 (fiscal year ended April 25, 2026)",primary,fetched,5,,low,E,
82,sources/82_flexsteel-fy2026-record-earnings.md,"Flexsteel Industries, Inc. Reports Fourth Quarter and Fiscal Year 2026 Results; Continued Net Sales Growth and Record Diluted Earnings Per Share",https://www.businesswire.com/news/home/20260817174816/en/Flexsteel-Industries-Inc.-Reports-Fourth-Quarter-and-Fiscal-Year-2026-Results-Continued-Net-Sales-Growth-and-Record-Diluted-Earnings-Per-Share,"Business Wire (Flexsteel Industries, Inc. press release, NASDAQ: FLXS)",2026-08-17,primary,fetched,5,,medium,E,
83,sources/83_norwalk-esop-transition.md,Norwalk Furniture leaders just sold the company—to their own employees,https://businessofhome.com/articles/norwalk-furniture-leaders-just-sold-the-company-to-their-own-employees,Business of Home,undated (article covers the ESOP transition effective September 1; Norwalk's ESOP was established in 2021 per other sources — this piece appears to date to around that transition),industry,fetched,3,,low,E,
84,sources/84_kroehler-furniture-closure-dec2025.md,"Founded in 1893, Kroehler Furniture closes doors as 2025 ends",https://www.woodworkingnetwork.com/news/woodworking-industry-news/founded-1893-kroehler-furniture-closes-doors-2025-ends,Woodworking Network,2025-12-31,industry,fetched,4,,low,E,
85,sources/85_prepac-closure-tariff-imports.md,"A year after move to U.S., Prepac is closing, eliminating 200 jobs",https://www.woodworkingnetwork.com/news/woodworking-industry-news/year-after-move-us-prepac-closing-eliminating-200-jobs,Woodworking Network,2026-03-06,industry,fetched,4,,low,E,
86,sources/86_klaussner-shutdown-2023.md,Klaussner Furniture suddenly shuts down,https://www.yahoo.com/news/klaussner-furniture-suddenly-shuts-down-231600915.html,"Yahoo News (syndicated Gannett/local NC press, byline dated ""Aug. 8"" from Asheboro, NC)","2023-08-08 (original closure); receivership formally terminated per a July 10, 2025 court order (per case docket, see search summary — not independently fetched)",industry,fetched,4,,low,E,
87,sources/87_hfa-section232-tariff-details.md,Advocacy Update: New Details on Section 232 Furniture Tariffs,https://myhfa.org/blog/advocacy-update-new-details-on-section-232-furniture-tariffs/,"Home Furnishings Association (HFA) — industry trade association, CEO Peter Theran","originally published 2025-10-03, updated 2025-10-03",industry,fetched,4,,medium,E,
88,sources/88_section232-tariff-delay-jan2026.md,"President Trump Delays Section 232 Tariff Increase on Wood Furniture, Cabinets and Vanities",https://www.thompsonhinesmartrade.com/2026/01/president-trump-delays-section-232-tariff-increase-on-wood-furniture-cabinets-and-vanities/,Thompson Hine LLP (SmarTrade blog) — international trade law firm,"2026-01-05 (covering a Dec. 31, 2025 proclamation)",industry,fetched,4,,low,E,
89,sources/89_scotus-ieepa-tariff-ruling.md,Supreme Court Strikes Down IEEPA Tariffs: What Importers Need to Know Now,https://www.hklaw.com/en/insights/publications/2026/02/supreme-court-strikes-down-ieepa-tariffs,Holland & Knight LLP (law firm client alert),2026-02-20,industry,fetched,5,,low,E,
90,sources/90_best-home-furnishings-2025-awards.md,Best Home Furnishings Honored with Furniture Today Reader Ranking Awards,https://www.besthf.com/besthf/Furniture/Company-News/best-wins-two-reader-ranking-awards-2025,Best Home Furnishings (company press release/news page),2025 (Reader Rankings program cycle),primary,fetched,4,,medium,E,
91,sources/91_england-furniture-swivel-chair-prices.md,England Furniture Swivel Chairs (dealer pricing page),https://www.sofasandsectionals.com/brands/england-furniture/chairs/england-furniture-swivel-chairs,Sofas and Sectionals (multi-brand furniture dealer website),undated (current live pricing page as of access date),industry,fetched,3,,low,E,
92,sources/92_craftmaster-essentials-chair-and-half-price.md,Craftmaster Essentials Chair and a Half — 701620 ADAM 41 (dealer product page),https://www.miskellys.com/product/craftmaster-essentials-chair-and-a-half-701620-adam-41-811192,Miskelly Furniture (retail dealer),undated (current live product listing as of access date),industry,fetched,3,,low,E,
93,sources/93_albany-industries-zielinski-president-2025.md,Albany Industries names Craig Zielinski president,https://homenewsnow.com/blog/2025/01/06/albany-industries-names-craig-zielinski-president/,"Home News Now (Thomas Russell, Editor-in-Chief)",2025-01-06,industry,fetched,4,,low,E,
94,sources/94_craftmaster-alex-reeves-home-furnishings-500.md,Craftmaster Furniture homepage — Alex Reeves named Furniture Today Home Furnishings 500 honoree,https://www.cmfurniture.com/,"Craftmaster Furniture (company website, embedding an Instagram post announcement)","post referenced high-point-market ""Premarket"" timing in surrounding posts, consistent with fall 2026; the ""2026"" Home Furnishings 500 cycle is referenced directly in the text",primary,fetched,3,,medium,E,
95,sources/95_younger-furniture-quick-ship-program.md,Younger Furniture — Quick Ship program page,https://youngerfurniture.com/quick-ship,"Younger Furniture (Younger + Co, Thomasville, NC — company website)",undated (current live program page as of access date),primary,fetched,4,,medium,E,
96,sources/96_retaildive-home-sector-2026-outlook.md,"In the home sector, 'the weak will get weaker' this year",https://www.retaildive.com/news/retail-home-sector-rough-2026-outlook-weak-get-weaker/813862/,"Retail Dive (Informa TechTarget), by Caroline Jansen, Senior Editor",2026-03-10,industry,fetched,4,,low,E,
100,sources/100_djournal-hmrichards-rooms-to-go-stake.md,"H.M. Richards to expand, add 500 jobs",https://www.djournal.com/news/business/h-m-richards-to-expand-add-500-jobs/article_e1c5e659-8ad2-53c5-b42d-cbcfd68c89bb.html,Northeast Mississippi Daily Journal (Dennis Seid),2015-06-09,industry,fetched,4,2,low,follow-up,
101,sources/101_hmrichards-site-hosted-on-rtg.md,H.M. Richards — Quality page (site infrastructure check),https://www.hmrichards.com/quality,"H.M. Richards, Inc.",undated (live page),primary,fetched,3,5,low,follow-up,
102,sources/102_verify-flexsteel-homegallery.md,Verification re-fetch: Home Gallery Stores Flexsteel reclining sofas,https://homegallerystores.com/living-room/sofas/reclining-sofas/manufacturer/flexsteel.htm,Home Gallery Stores (dealer),undated (live listing),primary,fetched,4,4,medium,follow-up,
